id,calories,proteins,name,kategori,cluster
1,280.0,9.2,Abon,Sedang,1
2,0.0,0.0,Agar-agar,Rendah,0
3,45.0,1.1,Akar tonjong ,Rendah,0
4,37.0,4.4,Aletoge ,Rendah,0
5,85.0,0.9,Alpukat ,Rendah,0
6,99.0,4.6,Andaliman ,Rendah,0
7,25.0,1.6,Andewi,Rendah,0
8,30.0,0.5,Anggur ,Rendah,0
9,126.0,3.4,Anyang sayur,Rendah,0
10,58.0,0.3,Apel,Rendah,0
11,57.0,0.5,Apel malang ,Rendah,0
12,37.0,0.8,Arbei,Rendah,0
13,98.0,3.9,Asinan Bogor ,Rendah,0
14,297.0,35.9,Sayap Crispy ,Sedang,2
15,270.0,32.3,Ampela goreng,Sedang,2
16,298.0,34.2,Dada Crispy,Sedang,2
17,286.0,32.1,Paha Crispy,Sedang,2
18,264.0,18.2,Ayam taliwang ,Sedang,1
19,473.0,45.2,Usus goreng,Sedang,2
20,113.0,17.6,Babat,Rendah,0
21,102.9,3.3,Bacang,Rendah,0
22,272.0,8.7,Bakpia kue,Sedang,1
23,76.0,4.1,Bakso ,Rendah,0
24,280.0,8.2,Bakwan,Sedang,1
25,190.0,3.3,Kue Bantal,Rendah,0
26,159.0,3.1,Barongko,Rendah,0
27,45.0,1.4,Bawang Bombay,Rendah,0
28,39.0,1.5,Bawang Merah,Rendah,0
29,95.0,4.5,Bawang Putih,Rendah,0
30,30.0,1.3,Bayam kukus,Rendah,0
31,51.0,4.6,Bayam Merah,Rendah,0
32,23.0,1.2,Bayam rebus,Rendah,0
33,36.0,3.5,Bayam segar,Rendah,0
34,102.0,3.7,Bayam tumis ,Rendah,0
35,48.0,1.4,Bayam tumis santan,Rendah,0
36,300.0,24.0,Bebek goreng,Sedang,2
37,65.0,1.1,Beberuk,Rendah,0
38,258.0,10.6,Beef burger,Sedang,1
39,151.0,8.6,Beef teriyaki ,Rendah,0
40,132.0,9.8,Beef yakiniku ,Rendah,0
41,116.0,11.9,Bekasam,Rendah,0
42,78.0,11.4,Bekasang,Rendah,0
43,36.0,0.4,Belimbing,Rendah,0
44,145.0,1.2,Belitung talas kukus,Rendah,0
45,417.0,25.9,Belut goreng,Sedang,2
46,55.0,1.4,Bengkuang,Rendah,0
47,98.0,1.6,Bentul (Komba)  talas ,Rendah,0
48,71.0,2.3,Bentul talas kukus,Rendah,0
49,181.0,4.0,Beras Ketan Hitam kukus,Rendah,0
50,166.0,3.8,Beras Ketan Hitam tape,Rendah,0
51,163.0,3.0,Beras Ketan Putih kukus,Rendah,0
52,172.0,3.0,Beras Ketan Putih tape,Rendah,0
53,145.0,16.3,Betok wadi ,Rendah,0
54,154.0,3.0,Bihun Goreng ,Rendah,0
55,381.0,6.1,Bihun goreng instan,Sedang,1
56,225.7,3.0,Bika Ambon ,Sedang,0
57,458.0,6.9,Biskuit,Sedang,1
58,42.0,1.6,Bit,Rendah,0
59,51.0,0.3,Biwah segar,Rendah,0
60,119.0,4.4,Bongkrek (tempe bungkil),Rendah,0
61,186.0,11.7,Botok lamtoro,Rendah,0
62,249.0,3.4,Brem,Sedang,0
63,400.0,4.0,Brondong ,Sedang,1
64,141.0,15.3,Brongkos,Rendah,0
65,23.0,0.8,Buah Atung,Rendah,0
66,110.0,1.4,Buah kelenting ,Rendah,0
67,38.0,1.5,Buah kelor,Rendah,0
68,71.0,1.7,Buah Naga Merah ,Rendah,0
69,56.0,0.8,Buah Naga Putih ,Rendah,0
70,55.0,1.2,Buah negri segar,Rendah,0
71,60.0,1.0,Bubur ,Rendah,0
72,167.0,0.2,Bubur sagu,Rendah,0
73,156.0,2.3,Bubur Manado,Rendah,0
74,72.0,11.4,Bulgogi ,Rendah,0
75,30.0,2.2,Buncis rebus,Rendah,0
76,42.0,2.0,Bunga turi segar,Rendah,0
77,333.0,29.3,Bungkil Biji Karet,Sedang,2
78,336.0,37.4,Bungkil Kacang Tanah,Sedang,2
79,368.0,23.0,Bungkil Kelapa,Sedang,2
80,106.0,4.4,Buntil ,Rendah,0
81,141.0,4.4,Buntil daun talas,Rendah,0
82,125.7,3.3,Buras ,Rendah,0
83,367.0,15.9,Cabai merah kering,Sedang,1
84,36.0,1.0,Cabai merah segar,Rendah,0
85,120.0,4.7,Cabai rawit segar,Rendah,0
86,20.0,1.7,Caisin segar,Rendah,0
87,155.0,20.1,Cakalang asap,Rendah,0
88,323.0,4.9,Cake tape,Sedang,1
89,97.0,5.8,Cap cai sayur,Rendah,0
90,24.0,1.9,Carica papaya segar,Rendah,0
91,460.0,0.8,Cassava stick,Sedang,1
92,116.0,3.0,Cempedak,Rendah,0
93,462.0,1.2,Ceriping getuk singkong,Sedang,1
94,168.0,13.0,Chicken teriyaki ,Rendah,0
95,143.0,9.8,Chikiniku ,Rendah,0
96,311.0,8.0,Coklat bubuk,Sedang,1
97,472.0,2.0,Coklat Manis ,Sedang,1
98,504.0,5.5,Coklat Pahit ,Tinggi,1
99,381.0,9.0,Coklat Susu ,Sedang,1
100,210.0,1.6,Combro ,Sedang,0
101,241.0,16.0,Corned Beef,Sedang,1
102,96.0,6.8,Coto mangkasara kuda ,Rendah,0
103,84.0,6.0,Coto mangkasara sapi ,Rendah,0
104,145.0,27.0,Cue Selar Kuning,Rendah,2
105,12.0,0.1,Cuka,Rendah,0
106,265.0,40.6,Cumi-cumi goreng,Sedang,2
107,191.0,32.0,Daging Asap,Rendah,2
108,206.0,17.1,Daging Domba,Sedang,0
109,154.0,16.6,Daging Kambing,Rendah,0
110,84.0,18.7,Daging Kerbau,Rendah,0
111,118.0,18.1,Daging Kuda,Rendah,0
112,207.0,18.8,Daging Sapi,Sedang,0
113,29.0,1.8,Daun Bawang,Rendah,0
114,53.0,5.3,Daun katuk rebus,Rendah,0
115,61.0,6.1,Daun Kelor rebus,Rendah,0
116,46.0,4.0,Daun Kemangi,Rendah,0
117,22.0,2.1,Daun kol sawi segar,Rendah,0
118,23.0,3.0,Daun Koro,Rendah,0
119,51.0,2.5,Daun kubis segar,Rendah,0
120,14.0,1.3,Daun Kumak,Rendah,0
121,60.0,4.0,Daun Labu Siam,Rendah,0
122,30.0,3.6,Daun Labu Waluh,Rendah,0
123,87.0,8.3,Daun lamtoro segar,Rendah,0
124,76.0,2.8,Daun leilem segar,Rendah,0
125,45.0,4.7,Daun Leunca,Rendah,0
126,30.0,2.3,Daun Lobak,Rendah,0
127,40.0,3.0,Daun Lompong Tales,Rendah,0
128,54.0,3.7,Daun Mangkokan,Rendah,0
129,22.0,1.0,Daun Oyong,Rendah,0
130,128.0,12.0,Daun Pete Cina,Rendah,0
131,37.0,2.5,Daun Poh-pohan,Rendah,0
132,55.0,4.0,Daun Singkong lodeh,Rendah,0
133,31.0,3.7,Daun Singkong rebus,Rendah,0
134,56.0,3.1,Daun Ubi Jalar kukus,Rendah,0
135,260.0,2.0,Deblo ,Sedang,1
136,382.0,55.7,Dendeng belut goreng,Sedang,2
137,433.0,55.0,Dendeng Daging Sapi,Sedang,2
138,598.0,74.3,Dendeng mujahir goreng,Tinggi,2
139,395.0,3.0,Dodol,Sedang,1
140,298.0,3.7,Dodol bali,Sedang,1
141,368.0,2.6,Dodol banjarmasin,Sedang,1
142,348.0,0.4,Dodol galamai,Sedang,1
143,331.0,1.9,Dodol kedondong,Sedang,1
144,373.0,4.3,Dodol manado,Sedang,1
145,17.5,3.3,Dodonkol ,Rendah,0
146,63.0,1.0,Duku,Rendah,0
147,134.0,2.5,Durian,Rendah,0
148,80.0,0.5,Duwet,Rendah,0
149,590.0,18.5,Empal Goreng,Tinggi,1
150,345.0,12.0,Emping ,Sedang,1
151,403.0,10.6,Emping beras,Sedang,1
152,355.0,17.8,Emping komak,Sedang,1
153,122.0,3.5,Encung asam ,Rendah,0
154,210.0,4.0,Es krim,Sedang,0
155,156.7,3.0,Es Krim (Coconut milk) ,Rendah,0
156,152.0,0.0,Es Mambo ,Rendah,0
157,44.8,0.0,Es Sirup ,Rendah,0
158,270.0,12.3,Fillet o-fish,Sedang,1
159,322.0,2.4,Gadung kering,Sedang,1
160,137.0,6.1,Gado-gado,Rendah,0
161,88.0,0.8,Gadung kukus,Rendah,0
162,88.0,0.6,Gadung ubi kukus,Rendah,0
163,13.0,0.3,Gambas lodeh,Rendah,0
164,68.0,0.7,Gandaria,Rendah,0
165,100.0,0.8,Ganyong kukus,Rendah,0
166,100.0,0.8,Ganyong rebus,Rendah,0
167,77.0,0.6,Ganyong segar,Rendah,0
168,338.0,1.5,Gaplek,Sedang,1
169,191.0,4.5,Gatep segar,Rendah,0
170,347.0,1.3,Gatot,Sedang,1
171,195.0,0.4,Geblek,Rendah,0
172,389.0,0.0,Gelatine,Sedang,1
173,95.0,1.5,Gembili,Rendah,0
174,131.0,1.1,Gembili ubi segar,Rendah,0
175,274.0,1.7,Gemblong,Sedang,1
176,407.0,6.4,Gendar goreng,Sedang,1
177,35.0,1.7,Genjer segar,Rendah,0
178,350.0,1.4,Geplak,Sedang,1
179,462.0,3.1,Geplak jahe,Sedang,1
180,75.0,8.2,Gete kuah asam ,Rendah,0
181,360.0,1.3,Getuk goreng,Sedang,1
182,171.4,4.0,Getuk Lindri ,Rendah,0
183,144.0,1.1,Getuk pisang,Rendah,0
184,204.0,0.5,Getuk singkong,Sedang,0
185,53.0,1.6,Gudeg ,Rendah,0
186,160.0,3.3,Gudeg sayur,Rendah,0
187,368.0,0.0,Gula Aren,Sedang,1
188,386.0,3.0,Gula Kelapa,Sedang,1
189,394.0,0.0,Gula putih,Sedang,1
190,52.0,10.0,Gulai asam keueung ,Rendah,0
191,106.0,16.5,Gulai ikan ,Rendah,0
192,148.0,10.0,Gulai ikan paya ,Rendah,0
193,126.0,4.2,Gulai kambing,Rendah,0
194,110.0,5.9,Gulai keumamah ,Rendah,0
195,143.0,4.0,Gulai pakis,Rendah,0
196,176.0,7.3,Gulai pliek,Rendah,0
197,132.0,9.0,Gulai tiram ,Rendah,0
198,192.0,12.7,Gurame asem manis ,Rendah,0
199,218.0,0.5,Gurandil,Sedang,0
200,389.0,16.9,Ham,Sedang,1
201,65.0,10.0,Hangop,Rendah,0
202,390.0,14.2,Havermout,Sedang,1
203,127.0,1.2,Ubi hutan ,Rendah,0
204,146.0,17.7,Ikan asar merah ,Rendah,0
205,380.0,33.6,Ikan Asin bilis goreng,Sedang,2
206,456.0,46.5,Ikan Asin gabus goreng,Sedang,2
207,348.0,18.7,Ikan Asin japuh goreng,Sedang,1
208,193.0,42.0,Ikan Asin kering,Rendah,2
209,430.0,58.2,Ikan Asin pari goreng,Sedang,2
210,652.0,40.4,Ikan Asin pepetek goreng,Tinggi,2
211,319.0,6.9,Ikan Asin sirinding goreng,Sedang,1
212,430.0,33.4,Ikan Asin teri goreng,Sedang,2
213,198.0,19.0,Ikan Bader (Tawes),Rendah,0
214,112.0,20.0,Ikan bambangan segar,Rendah,0
215,129.0,20.0,Ikan Bandeng,Rendah,0
216,296.0,17.1,Ikan bandeng presto ,Sedang,1
217,144.0,17.8,Ikan baung bakar,Rendah,0
218,123.0,15.1,Ikan baung segar,Rendah,0
219,96.0,19.0,Ikan Bawal,Rendah,0
220,138.0,14.0,Ikan Bekasang,Rendah,0
221,128.0,18.0,Ikan Belida bakar,Rendah,0
222,417.0,25.9,Ikan Belut Segar goreng,Sedang,2
223,109.0,17.0,Ikan Ekor Kuning,Rendah,0
224,292.0,58.0,Ikan Gabus kering,Sedang,2
225,74.0,25.2,Ikan Gabus ,Rendah,0
226,267.0,23.1,Ikan gete goreng,Sedang,2
227,298.0,46.3,Ikan hiu kering,Sedang,2
228,302.0,70.7,Ikan kayu kering,Sedang,2
229,103.0,22.0,Ikan Kembung,Rendah,0
230,252.0,19.9,Ikan Lele goreng,Sedang,1
231,112.0,20.0,Ikan Lemuru,Rendah,0
232,188.0,19.3,Ikan Mas goreng,Rendah,0
233,209.0,15.2,Ikan Mas pepes,Sedang,0
234,416.0,46.9,Ikan Mujair goreng,Sedang,2
235,121.0,21.7,Ikan Mujair pepes,Rendah,0
236,152.0,17.6,Ikan Papuyu bakar,Rendah,0
237,144.0,17.5,Ikan Patin bakar,Rendah,0
238,240.0,21.7,Ikan sanggang masakan,Sedang,2
239,170.0,33.4,Ikan Teri kering,Rendah,2
240,331.0,68.7,Ikan Teri Kering tawar,Sedang,2
241,144.0,32.5,Ikan Teri Nasi kering,Rendah,2
242,156.0,2.7,Jagung grontol,Rendah,0
243,361.0,8.7,Jagung Kuning giling,Sedang,1
244,129.0,4.1,Jagung Kuning muda,Rendah,0
245,307.0,7.9,Jagung Kuning pipil baru,Sedang,1
246,366.0,9.8,Jagung kuning pipil kering ,Sedang,1
247,355.0,9.2,Jagung Kuning pipil lama,Sedang,1
248,154.0,3.8,Jagung kuning pipil rebus,Rendah,0
249,140.0,4.7,Jagung Kuning segar,Rendah,0
250,355.0,9.2,Jagung kuning tepung,Sedang,1
251,35.0,2.2,Jagung muda,Rendah,0
252,147.0,5.1,Jagung muda kuning ,Rendah,0
253,142.0,5.0,Jagung muda rebus,Rendah,0
254,175.0,1.8,Jagung Rebus ,Rendah,0
255,148.9,10.4,Jagung tumis,Rendah,0
256,374.0,9.4,Jagung titi,Sedang,1
257,51.0,1.5,Jahe,Rendah,0
258,289.0,11.0,Jali,Sedang,1
259,239.0,0.5,Jam selai,Sedang,0
260,286.0,48.5,Jambal goreng,Sedang,2
261,46.0,0.6,Jambu Air,Rendah,0
262,49.0,0.9,Jambu Biji,Rendah,0
263,61.0,0.9,Jambu biji putih tidak berbiji,Rendah,0
264,56.0,0.6,Jambu Bol,Rendah,0
265,64.0,0.7,Jambu Monyet buah,Rendah,0
266,350.0,6.2,Jampang huma mentah,Sedang,1
267,45.0,2.5,Jamur Coklat ,Rendah,0
268,296.0,9.4,Jamur encik,Sedang,1
269,294.0,16.0,Jamur kuping kering,Sedang,1
270,21.0,3.8,Jamur kuping segar,Rendah,0
271,30.0,3.5,Jamur merang segar,Rendah,0
272,48.0,2.8,Jamur Putih,Rendah,0
273,48.0,1.9,Jamur sagu,Rendah,0
274,30.0,1.9,Jamur tiram segar,Rendah,0
275,48.0,0.6,Jeruk Bali,Rendah,0
276,61.0,0.8,Jeruk banjar ,Rendah,0
277,44.0,0.8,Jeruk Garut,Rendah,0
278,39.0,0.3,Jeruk Kalamansi ,Rendah,0
279,45.0,0.9,Jeruk Manis,Rendah,0
280,37.0,0.8,Jeruk Nipis,Rendah,0
281,49.0,0.7,Jeruk ragi ,Rendah,0
282,32.0,1.9,Jotang,Rendah,0
283,250.0,2.6,Kabuto,Sedang,0
284,356.0,20.5,Kacang Andong,Sedang,1
285,330.0,23.8,Kacang Arab,Sedang,2
286,533.0,27.8,Kacang atom,Tinggi,2
287,341.0,30.4,Kacang babi kering,Sedang,2
288,400.0,34.4,Kacang belimbing kering,Sedang,2
289,204.0,16.9,Kacang Belimbing rebus,Sedang,0
290,212.0,17.5,Kacang Belimbing tempe,Sedang,0
291,118.0,4.4,Kacang beracun segar,Rendah,0
292,479.0,12.7,Kacang Bogor goreng,Sedang,1
293,370.0,16.0,Kacang bogor kering,Sedang,1
294,161.0,7.7,Kacang Bogor rebus,Rendah,0
295,165.0,7.7,Kacang bogor segar,Rendah,0
296,331.0,25.0,Kacang Endel biji,Sedang,2
297,129.0,12.4,Kacang ercis segar,Rendah,0
298,336.0,23.1,kacang galing segar,Sedang,2
299,516.0,14.7,Kacang goyang,Tinggi,1
300,336.0,20.7,Kacang Gude biji,Sedang,1
301,316.0,20.7,Kacang gude biji kering,Sedang,1
302,114.0,7.0,Kacang Gude biji muda,Rendah,0
303,123.0,8.4,Kacang Gude muda,Rendah,0
304,147.0,9.0,Kacang gude rebus,Rendah,0
305,323.0,22.9,Kacang hijau kering,Sedang,2
306,109.0,8.7,kacang hijau rebus,Rendah,0
307,346.0,16.6,Kacang hitam kering,Sedang,1
308,345.0,22.2,Kacang Ijo,Sedang,2
309,445.0,11.0,Kacang Kapri Goreng ,Sedang,1
310,98.0,6.7,Kacang Kapri muda,Rendah,0
311,286.0,30.2,Kacang Kedelai basah,Sedang,2
312,521.0,32.2,Kacang kedelai goreng,Tinggi,2
313,381.0,40.4,Kacang kedelai kering,Sedang,2
314,75.0,4.1,Kacang Kedelai kukus,Rendah,0
315,189.0,20.2,Kacang kedelai rebus,Rendah,0
316,286.0,30.2,Kacang kedelai ,Sedang,2
317,327.0,16.4,Kacang komak ,Sedang,1
318,355.0,17.0,Kacang kuning kering,Sedang,1
319,346.0,16.5,Kacang lebui ,Sedang,1
320,22.0,1.1,Kacang mekah polong ,Rendah,0
321,344.0,16.7,Kacang mentega kering,Sedang,1
322,336.0,23.1,Kacang Merah,Sedang,2
323,350.0,13.9,Kacang merah /banda kering,Sedang,1
324,314.0,22.1,Kacang merah kering,Sedang,2
325,158.0,10.3,Kacang Merah kering rebus,Rendah,0
326,171.0,11.0,Kacang merah ,Rendah,0
327,144.0,10.0,Kacang Merah rebus,Rendah,0
328,280.0,16.7,Kacang merah tua kering,Sedang,1
329,629.0,20.4,Kacang mete goreng,Tinggi,1
330,616.0,16.3,Kacang mete segar,Tinggi,1
331,480.0,18.4,Kacang negara,Sedang,1
332,44.0,2.7,Kacang Panjang,Rendah,0
333,357.0,17.3,Kacang Panjang biji,Sedang,1
334,39.0,3.0,Kacang Panjang kukus,Rendah,0
335,150.0,2.5,Kacang Panjang tumis,Rendah,0
336,37.0,3.1,Kacang ranti polong,Rendah,0
337,484.0,8.8,Kacang sukro,Sedang,1
338,488.0,25.6,Kacang Sukro Putih ,Sedang,2
339,535.0,27.8,Kacang Tanah atom,Tinggi,2
340,564.0,25.5,Kacang tanah goreng,Tinggi,2
341,561.0,25.5,Kacang Tanah kacang sari,Tinggi,2
342,525.0,27.9,Kacang tanah kering,Tinggi,2
343,385.0,14.0,Kacang Tanah Rebus ,Sedang,1
344,360.0,13.5,Kacang Tanah rebus berkulit,Sedang,1
345,513.0,17.5,Kacang Tanah rempeyek,Tinggi,1
346,569.0,28.8,Kacang Tanah sangan berselaput,Tinggi,2
347,559.0,26.9,Kacang tanah sangan tanpa selaput,Tinggi,2
348,561.0,25.5,Kacang tanah sari,Tinggi,2
349,748.0,20.8,Kacang Telur ,Tinggi,1
350,331.0,24.4,Kacang tolo kering,Sedang,2
351,138.0,10.7,Kacang tolo rebus,Rendah,0
352,342.0,22.9,Kacang Tunggak,Sedang,2
353,138.0,10.7,Kacang Tunggak rebus,Rendah,0
354,451.0,11.2,Kacang Tunggak rempeyek,Sedang,1
355,351.0,12.2,Kacang tunis kering,Sedang,1
356,358.0,23.4,Kacang uci kering,Sedang,2
357,354.0,12.8,Kacang urei kering,Sedang,1
358,110.0,4.5,Kadada katembe,Rendah,0
359,413.0,28.7,Kaholeo ,Sedang,2
360,92.0,20.0,Kakap,Rendah,0
361,66.0,2.8,Kalakai,Rendah,0
362,163.0,16.5,Kalio jeroan ,Rendah,0
363,122.0,13.8,Kalio kikil (tunjang) ,Rendah,0
364,157.0,8.1,Kalio otak masakan,Rendah,0
365,193.0,10.6,Kalio telur masakan,Rendah,0
366,30.0,3.2,Kangkung kukus,Rendah,0
367,22.0,2.5,Kangkung rebus,Rendah,0
368,43.0,1.8,Kangkung tondano,Rendah,0
369,52.0,1.8,Kangkung tumis,Rendah,0
370,38.0,2.4,Kaparende sayur,Rendah,0
371,42.0,3.3,Kapri Muda,Rendah,0
372,41.0,2.0,Kapurung,Rendah,0
373,158.0,4.4,Kapusa,Rendah,0
374,25.0,2.3,Karawila,Rendah,0
375,146.7,5.9,Karedok ,Rendah,0
376,92.0,2.2,Karedok sayur,Rendah,0
377,292.0,11.2,Karoket ,Sedang,1
378,275.0,12.6,Katul Beras,Sedang,1
379,356.0,9.0,Katul Jagung,Sedang,1
380,120.0,3.5,Kawista ,Rendah,0
381,46.0,5.7,Kecap,Rendah,0
382,464.0,1.2,Kecimpring singkong goreng,Sedang,1
383,405.0,32.8,Kecipir biji,Sedang,2
384,35.0,2.9,Kecipir buah muda,Rendah,0
385,32.0,2.9,Kecipir muda ,Rendah,0
386,34.0,0.9,Kecombrang ,Rendah,0
387,47.0,0.5,Kedondong  ,Rendah,0
388,326.0,22.8,Keju,Sedang,2
389,590.0,27.0,Keju Kacang Tanah,Tinggi,2
390,623.0,2.0,Kelapa hutan kering,Tinggi,1
391,17.0,0.2,Kelapa Muda air,Rendah,0
392,68.0,1.0,Kelapa Muda daging,Rendah,0
393,180.0,4.0,Kelapa Setengah Tua daging,Rendah,0
394,359.0,3.4,Kelapa Tua daging,Sedang,1
395,214.0,5.4,Kelepon ,Sedang,0
396,111.0,1.5,Kelewih,Rendah,0
397,380.0,48.9,Kembang tahu,Sedang,2
398,44.0,1.8,Kembang Turi,Rendah,0
399,636.0,19.0,Kemiri,Tinggi,1
400,657.0,15.0,Kenari,Tinggi,1
401,616.0,13.9,Kenari banda kering,Tinggi,1
402,83.0,2.0,Kentang,Rendah,0
403,142.0,0.9,Kentang Hitam,Rendah,0
404,64.0,12.0,Keong,Rendah,0
405,204.0,2.6,Kepala Susu (Krim),Sedang,0
406,151.0,13.8,Kepiting,Rendah,0
407,59.0,18.0,Kerang,Rendah,0
408,393.0,38.9,Kerang asap mentah,Sedang,2
409,586.0,4.9,Keripik bayam,Tinggi,1
410,446.0,2.8,Keripik gadung,Sedang,1
411,448.0,2.7,Keripik kentang,Sedang,1
412,485.0,1.7,Keripik lampung,Sedang,1
413,598.0,8.3,Keripik oncom,Tinggi,1
414,478.0,0.9,Keripik singkong,Sedang,1
415,481.0,2.2,Keripik singkong berbumbu,Sedang,1
416,581.0,12.1,Keripik tempe,Tinggi,1
417,542.0,40.3,Keripik tempe abadi murni,Tinggi,2
418,510.0,12.3,Keripik tempe abadi sedang,Tinggi,1
419,529.0,20.8,Keripik tempe abadi telur,Tinggi,1
420,486.0,0.2,Keripik ubi,Sedang,1
421,26.0,1.7,Kerokot ,Rendah,0
422,350.0,0.5,Kerupuk Aci,Sedang,1
423,444.0,6.9,Kerupuk cumi goreng,Sedang,1
424,342.0,16.0,Kerupuk Ikan berpati,Sedang,1
425,325.0,1.8,Kerupuk kemplang,Sedang,1
426,504.0,5.6,Kerupuk kemplang goreng,Tinggi,1
427,356.0,9.7,Kerupuk kemplang panggang,Sedang,1
428,422.0,83.0,Kerupuk Kulit kerbau,Sedang,2
429,345.0,12.0,Kerupuk Melinjo mentah,Sedang,1
430,431.0,11.1,Kerupuk Melinjo tebal goreng asin,Sedang,1
431,439.0,10.0,Kerupuk Melinjo tebal goreng manis,Sedang,1
432,485.0,11.5,Kerupuk Melinjo tipis goreng,Sedang,1
433,476.0,0.1,Kerupuk mie kuning goreng,Sedang,1
434,46.7,17.3,Kerupuk Sayong ,Rendah,0
435,340.0,30.0,Kerupuk Udang ,Sedang,2
436,359.0,17.2,Kerupuk Udang berpati,Sedang,1
437,477.0,4.7,Kerupuk udang goreng,Sedang,1
438,588.0,53.7,Kerupuk urat,Tinggi,2
439,78.0,0.8,Kesemek,Rendah,0
440,181.0,4.0,Ketan hitam matang,Rendah,0
441,163.0,3.0,Ketan putih matang,Rendah,0
442,340.0,11.0,Ketapang ,Sedang,1
443,157.0,0.8,Ketela Pohon Kuning,Rendah,0
444,154.0,1.0,Ketela singkong ,Rendah,0
445,153.0,1.2,Ketela pohon kukus,Rendah,0
446,12.0,0.7,Ketimun,Rendah,0
447,9.0,0.5,Ketimun madura ,Rendah,0
448,153.0,7.9,Ketoprak,Rendah,0
449,404.0,14.1,Ketumbar,Sedang,1
450,212.0,4.0,Ketupat ketan,Sedang,0
451,109.6,2.6,Ketupat Tahu ,Rendah,0
452,86.0,1.6,Kokosan,Rendah,0
453,99.0,3.3,Komak polong ,Rendah,0
454,25.0,2.4,Kool Kembang,Rendah,0
455,24.0,1.4,Kool Merah kool putih,Rendah,0
456,352.0,17.4,Kopi bagian yang larut,Sedang,1
457,129.0,12.3,Kopi bubuk instant,Rendah,0
458,356.0,20.5,Koro andong kering,Sedang,1
459,332.0,24.0,Koro Benguk biji,Sedang,2
460,141.0,10.2,Koro Benguk tempe,Rendah,0
461,125.0,8.3,Koro Kerupuk biji,Rendah,0
462,33.0,2.7,Koro Loke biji,Rendah,0
463,344.0,12.5,Koro Roway biji,Sedang,1
464,338.0,22.2,Koro Wedus biji,Sedang,2
465,38.0,3.0,Koro Wedus buah muda,Rendah,0
466,46.0,3.0,Koro wedus polong,Rendah,0
467,46.0,2.2,Kotiu hinela tawang nggole,Rendah,0
468,366.0,4.2,Koya,Sedang,1
469,370.0,8.0,Koya mirasa,Sedang,1
470,315.0,2.1,Kranji segar,Sedang,1
471,542.0,40.3,Kripik Tempe Goreng ,Tinggi,2
472,21.0,1.7,Krokot,Rendah,0
473,45.0,2.2,Kucai,Rendah,0
474,42.0,3.8,Kucai Muda (Lokio),Rendah,0
475,440.0,3.8,Kue ali,Sedang,1
476,186.7,1.6,Kue Apem ,Rendah,0
477,338.0,1.5,Kue bangket,Sedang,1
478,240.0,1.0,Kue Bugis ,Sedang,0
479,425.0,1.6,Kue jahe,Sedang,1
480,591.0,5.6,Kue kelapa,Tinggi,1
481,366.0,4.2,Kue Koya ,Sedang,1
482,291.0,3.6,Kue lumpur,Sedang,1
483,182.0,1.0,Kue mangkok ,Rendah,0
484,126.7,0.7,Kue Pacar Cina ,Rendah,0
485,296.0,1.4,Kue Pia ,Sedang,1
486,304.0,5.3,Kue putu cangkir,Sedang,1
487,217.0,1.2,Kue putu singkong,Sedang,0
488,393.3,2.7,Kue Satu ,Sedang,1
489,380.0,1.0,Kue Semprong ,Sedang,1
490,221.0,7.5,Kue sus,Sedang,0
491,180.0,5.0,Kue Talam ,Rendah,0
492,512.0,26.0,Kue Tambang ,Tinggi,2
493,247.0,2.9,Kue thipan,Sedang,0
494,515.0,30.6,Kwaci,Tinggi,2
495,242.0,19.0,Kwark (Quark),Sedang,1
496,17.0,0.6,Labu Air,Rendah,0
497,51.0,1.7,Labu kuning segar,Rendah,0
498,26.0,0.6,Labu Siam,Rendah,0
499,32.0,1.1,Labu waluh segar,Rendah,0
500,166.3,2.7,Laksa ,Rendah,0
501,85.0,5.7,Lamtoro (pete cina) biji muda,Rendah,0
502,148.0,10.6,Lamtoro biji tua,Rendah,0
503,142.0,11.0,Lamtoro tempe,Rendah,0
504,367.0,46.4,Lamtoro var. gung tanpa kulit,Sedang,2
505,336.0,23.8,Lamtoro var. lokal dengan kulit,Sedang,2
506,56.0,0.9,Langsat,Rendah,0
507,34.0,2.2,Lantar segar,Rendah,0
508,422.0,0.9,Lanting getuk,Sedang,1
509,389.0,6.6,Lapis legit,Sedang,1
510,174.0,17.0,Lawar babi masakan,Rendah,0
511,141.0,23.0,Lawar penyu masakan,Rendah,0
512,159.0,5.0,Lawara jangang masakan,Rendah,0
513,207.0,7.4,Lawara penjah masakan,Sedang,0
514,405.0,4.8,Ledre pisang,Sedang,1
515,15.0,1.0,Lema/ Rebung asam,Rendah,0
516,902.0,0.0,Lemak Babi,Tinggi,1
517,630.0,9.1,Lemak Babi (Bacon),Tinggi,1
518,372.0,12.0,Lemak ikan,Sedang,1
519,818.0,1.5,Lemak Kerbau,Tinggi,1
520,34.0,0.5,Lemon segar,Rendah,0
521,36.0,0.0,Lemon Squasih,Rendah,0
522,30.0,0.0,Lemonade,Rendah,0
523,221.3,3.8,Lemper ,Sedang,0
524,320.0,3.5,Lempog durian,Sedang,1
525,181.0,2.8,Lepok/Ubi rumput,Rendah,0
526,33.0,1.9,Leunca buah,Rendah,0
527,240.0,7.8,Leupeut Ketan ,Sedang,0
528,387.0,16.0,Leverwost (sosis hati),Sedang,1
529,79.0,2.3,Lilin bungkus gedi,Rendah,0
530,19.0,0.9,Lobak,Rendah,0
531,217.0,11.0,Lokan segar,Sedang,0
532,27.0,0.4,Lontar segar,Rendah,0
533,163.3,2.8,Lopis ,Rendah,0
534,38.0,1.1,Lumai/Leunca segar,Rendah,0
535,164.0,1.8,Lupis ketan,Rendah,0
536,294.0,0.3,Madu,Sedang,1
537,341.0,0.3,Maizena tepung,Sedang,1
538,363.0,8.7,Makaroni,Sedang,1
539,63.0,2.4,Mangga benggala segar,Rendah,0
540,44.0,0.7,Mangga Gedong,Rendah,0
541,63.0,0.5,Mangga Golek,Rendah,0
542,46.0,0.4,Mangga Harum Manis,Rendah,0
543,72.0,0.8,Mangga Indramayu,Rendah,0
544,56.0,0.4,Mangga Kopek,Rendah,0
545,86.0,0.7,Mangga kwini segar,Rendah,0
546,133.0,1.0,Mangga manalagi segar,Rendah,0
547,59.0,0.5,Mangga Muda,Rendah,0
548,52.0,0.7,Mangga segar,Rendah,0
549,63.0,0.6,Manggis,Rendah,0
550,720.0,0.6,Margarin,Tinggi,1
551,144.0,3.5,Markisa segar,Rendah,0
552,217.0,2.5,Markisa squash,Sedang,0
553,104.0,1.2,Markisa squash BD,Rendah,0
554,265.3,4.7,Martabak  manis,Sedang,1
555,153.0,4.5,Martabak india,Rendah,0
556,278.0,5.1,Martabak mesir,Sedang,1
557,200.0,8.9,Martabak Telur ,Sedang,0
558,369.0,2.1,Masekat,Sedang,1
559,90.0,1.2,Matoa segar,Rendah,0
560,276.0,0.0,Melase,Sedang,1
561,66.0,5.0,Melinjo,Rendah,0
562,37.0,0.6,Melon segar,Rendah,0
563,322.0,55.8,Menjangan daging dendeng mentah,Sedang,2
564,725.0,0.5,Mentega,Tinggi,1
565,65.0,1.7,Menteng,Rendah,0
566,359.0,11.5,Merica,Sedang,1
567,88.0,0.6,Mi basah,Rendah,0
568,71.0,0.2,Mi golosor,Rendah,0
569,339.0,10.0,Mi kering,Sedang,1
570,113.0,3.0,Mie aceh rebus,Rendah,0
571,102.0,6.2,Mie ayam,Rendah,0
572,114.0,5.3,Mie bakso,Rendah,0
573,86.0,0.6,Mie basah,Rendah,0
574,353.0,0.3,Mie Bendo,Sedang,1
575,102.0,3.0,Mie celon,Rendah,0
576,468.0,7.6,Mie Goreng ,Sedang,1
577,337.0,7.9,Mie kering,Sedang,1
578,105.0,5.9,Mie pangsit basah,Rendah,0
579,190.0,0.2,Mie Sagu,Rendah,0
580,902.0,0.0,Minyak Hati Hiu (Eulamia),Tinggi,1
581,902.0,0.0,Minyak Ikan,Tinggi,1
582,902.0,0.0,Minyak Kacang Tanah,Tinggi,1
583,883.0,0.0,Minyak kedelai,Tinggi,1
584,870.0,1.0,Minyak Kelapa,Tinggi,1
585,902.0,0.0,Minyak Kelapa Sawit,Tinggi,1
586,902.0,0.0,Minyak Wijen,Tinggi,1
587,884.0,0.0,Minyak Zaitun,Tinggi,1
588,345.0,8.5,Misoa,Sedang,1
589,218.0,0.8,Misro ,Sedang,0
590,128.0,8.0,Moon tahu,Rendah,0
591,33.0,2.3,Mostarda metan -sawi,Rendah,0
592,330.0,17.8,Mujahir acar kuning masakan,Sedang,1
593,478.0,38.3,Naan maran sapi masakan,Sedang,2
594,52.0,0.4,Nanas,Rendah,0
595,58.0,0.7,Nanas palembang segar,Rendah,0
596,165.0,4.2,Nangka biji,Rendah,0
597,106.0,1.2,Nangka masak di pohon,Rendah,0
598,51.0,2.0,Nangka Muda,Rendah,0
599,180.0,3.0,Nasi,Rendah,0
600,149.0,2.8,Nasi beras merah,Rendah,0
601,192.0,3.8,Nasi gemuk,Rendah,0
602,276.0,3.2,Nasi Goreng ,Sedang,1
603,190.0,4.7,Nasi gurih,Rendah,0
604,357.0,8.8,Nasi jagung,Sedang,1
605,207.0,3.5,Nasi minyak,Sedang,0
606,155.0,10.3,Nasi rames,Rendah,0
607,120.0,2.4,Nasi tim,Rendah,0
608,253.3,4.3,Nasi Uduk ,Sedang,0
609,196.0,14.5,Nasu likku masakan,Rendah,0
610,600.0,14.0,Noga Kacang Tanah ,Tinggi,1
611,387.0,5.3,Nopia spesial,Sedang,1
612,9.0,2.1,Olah-olah,Rendah,0
613,187.0,13.0,Oncom,Rendah,0
614,376.0,14.9,Oncom ampas kacang hijau,Sedang,1
615,363.3,19.3,Oncom Goreng ,Sedang,1
616,284.0,12.0,Oncom Hitam Goreng ,Sedang,1
617,306.7,9.0,Oncom Hitam Goreng bertepung ,Sedang,1
618,351.0,11.0,Oncom kacang hijau + singkong,Sedang,1
619,132.0,12.7,Oncom Kacang Tanah pepes,Rendah,0
620,187.0,13.0,Oncom Kedele,Rendah,0
621,368.0,6.8,Oncom Merah Goreng ,Sedang,1
622,320.0,7.3,Oncom Merah Goreng bertepung ,Sedang,1
623,40.0,2.0,Oncom Merah Sayur (tumis) ,Rendah,0
624,76.0,5.2,Oncom pepes,Rendah,0
625,288.6,8.3,Onde-onde ,Sedang,1
626,115.0,1.5,Ongol-ongol ,Rendah,0
627,111.0,0.3,Ongol-ongol sagu,Rendah,0
628,940.0,36.0,Opak Singkong ,Tinggi,2
629,117.0,13.7,Oramu ninahu ndawa olaho masakan,Rendah,0
630,125.0,10.4,Otak,Rendah,0
631,351.0,0.9,Oyek,Sedang,1
632,342.0,2.3,Oyek (dari singkong),Sedang,1
633,77.0,3.5,Paku hinela wulelenggapaya,Rendah,0
634,494.0,7.5,Pala biji,Sedang,1
635,42.0,0.3,Pala daging,Rendah,0
636,460.0,28.5,Paniki masak santan masakan,Sedang,2
637,133.8,3.0,Papais ,Rendah,0
638,61.0,0.2,Papeda,Rendah,0
639,87.0,10.5,Parede baleh masakan,Rendah,0
640,29.0,1.1,Paria (Pare),Rendah,0
641,16.0,0.8,Paria Putih kukus,Rendah,0
642,19.0,1.0,Paria putih segar,Rendah,0
643,307.0,4.5,Pastel,Sedang,1
644,362.0,0.5,Pati Singkong (tapioka),Sedang,1
645,23.0,1.8,Pe-Cay,Rendah,0
646,156.0,28.0,Peda Ikan Banjar,Rendah,2
647,75.0,2.5,Pelecing kangkung,Rendah,0
648,219.0,19.7,Pelepah manuk masakan,Sedang,0
649,162.0,4.9,Pempek adaan,Rendah,0
650,156.0,4.2,Pempek belida,Rendah,0
651,152.0,4.5,Pempek kapal selam,Rendah,0
652,211.0,12.3,Pempek kelesan,Sedang,0
653,243.0,5.2,Pempek kulit,Sedang,0
654,173.0,7.2,Pempek tenggiri,Rendah,0
655,372.0,7.8,Pencok lele masakan,Sedang,1
656,174.0,13.1,Penyu serapah masakan,Rendah,0
657,19.0,0.6,Pepare ular segar,Rendah,0
658,275.0,11.6,Pepaya lodeh,Sedang,1
659,26.0,2.1,Pepaya Muda,Rendah,0
660,46.0,0.5,Pepaya segar,Rendah,0
661,76.0,5.2,Pepea oncom ampas tahu,Rendah,0
662,400.0,0.0,Permen ,Sedang,1
663,142.0,10.4,Pete Segar,Rendah,0
664,50.0,3.7,Peterseli,Rendah,0
665,161.0,20.0,Petis Ikan,Rendah,0
666,220.0,15.0,Petis Udang,Sedang,0
667,345.0,23.8,Petis udang kering,Sedang,2
668,220.0,15.0,Petis udang pasta,Sedang,0
669,514.0,1.0,Pilus ,Tinggi,1
670,107.0,15.9,Pinda masakan,Rendah,0
671,157.0,28.0,Pindang Ikan Banjar,Rendah,2
672,170.0,31.0,Pindang Ikan Benggol,Rendah,2
673,153.0,30.0,Pindang Ikan Layang,Rendah,2
674,142.0,27.0,Pindang Ikan Selar Kecil,Rendah,2
675,124.0,9.5,Pindang kenari masakan,Rendah,0
676,99.0,1.2,Pisang Ambon,Rendah,0
677,68.0,1.3,Pisang angleng (pisang ampyang) segar,Rendah,0
678,120.0,1.1,Pisang ayam segar,Rendah,0
679,127.0,2.1,Pisang gapi segar ,Rendah,0
680,220.0,2.3,Pisang Goreng ,Sedang,0
681,115.0,1.9,Pisang goroho segar,Rendah,0
682,117.0,2.0,Pisang hijau segar,Rendah,0
683,100.0,1.4,Pisang kayu segar,Rendah,0
684,109.0,0.8,Pisang kepok segar,Rendah,0
685,145.0,1.1,Pisang ketip segar,Rendah,0
686,96.0,1.0,Pisang kidang segar,Rendah,0
687,99.0,1.3,Pisang Lampung,Rendah,0
688,127.0,1.4,Pisang Mas,Rendah,0
689,127.0,1.4,Pisang mas bali,Rendah,0
690,134.0,1.1,Pisang Oli,Rendah,0
691,120.0,1.2,Pisang Raja,Rendah,0
692,118.0,1.2,Pisang Raja Sere (Susu),Rendah,0
693,98.0,1.3,Pisang rotan segar,Rendah,0
694,625.0,1.0,Pisang Siam goreng,Tinggi,1
695,113.0,1.2,Pisang talas segar,Rendah,0
696,45.0,2.2,Prey (bawang daun),Rendah,0
697,33.0,4.5,Pucuk lumai/daun leunca segar,Rendah,0
698,216.0,2.6,Pulut,Sedang,0
699,224.0,26.2,Punai daging goreng,Sedang,2
700,104.0,1.9,Pundut nasi,Rendah,0
701,25.0,1.5,Purundawa,Rendah,0
702,76.0,4.1,Purut segar,Rendah,0
703,76.0,3.6,Putri malu segar,Rendah,0
704,163.0,2.2,Putri selat,Rendah,0
705,200.0,1.0,Putu Mayang ,Sedang,0
706,136.0,43.0,Ragi,Rendah,2
707,76.0,12.1,Rajungan segar,Rendah,0
708,69.0,0.9,Rambutan,Rendah,0
709,11.0,0.0,Rambutan Aceh,Rendah,0
710,76.0,0.5,Rambutan binjai segar,Rendah,0
711,4.0,0.0,Rambutan sinyonya,Rendah,0
712,295.0,7.3,Rarawuan ,Sedang,1
713,394.0,2.2,Rasbi (Beras Ubi),Sedang,1
714,350.0,0.9,Rasi (Beras Singkong),Sedang,1
715,60.0,5.4,Rawon masakan,Rendah,0
716,81.0,16.2,Rebon (udang kecil segar),Rendah,0
717,299.0,29.4,Rebon kering,Sedang,2
718,81.0,16.2,Rebon udang kecil segar,Rendah,0
719,27.0,0.6,Rebung,Rendah,0
720,320.0,7.2,Rebung laut mentah,Sedang,1
721,451.0,11.2,Rempeyek kacang tolo,Sedang,1
722,497.0,17.0,Rempeyek kacang uci,Sedang,1
723,193.0,22.6,Rendang sapi masakan,Rendah,0
724,471.0,4.7,Renggi goreng,Sedang,1
725,75.0,1.6,Rimbang segar,Rendah,0
726,335.0,5.3,Risoles ,Sedang,1
727,341.0,5.5,Roti boong,Sedang,1
728,350.0,7.5,Roti Gambang ,Sedang,1
729,248.0,8.0,Roti Putih,Sedang,0
730,249.0,7.9,Roti warna sawo matang,Sedang,0
731,153.0,11.3,Rujak cingur,Rendah,0
732,41.0,1.4,Rumput laut,Rendah,0
733,536.0,40.5,Rusa daging dendeng mentah,Tinggi,2
734,110.0,11.5,Rusip,Rendah,0
735,198.0,24.6,RW anjing masakan,Rendah,2
736,449.0,30.6,Saga biji tanpa kulit,Sedang,2
737,338.0,0.6,Sagu Ambon ,Sedang,1
738,355.0,0.6,Sagu aren kering,Sedang,1
739,231.0,0.6,Sagu aren segar,Sedang,0
740,291.0,0.5,Sagu forno,Sedang,1
741,230.0,0.6,Sagu kasbi segar,Sedang,0
742,452.0,2.8,Sagu Lemak (Kue Sagon),Sedang,1
743,347.0,0.9,Sagu lempeng,Sedang,1
744,364.0,0.1,Sagu Rendang,Sedang,1
745,362.0,0.5,Sagu singkong kering,Sedang,1
746,354.0,0.8,Sagu sinole,Sedang,1
747,57.0,0.5,Salak bali segar,Rendah,0
748,55.0,0.4,Salak medan segar,Rendah,0
749,87.0,0.8,Salak pondoh segar,Rendah,0
750,281.0,2.4,Sale pisang siam,Sedang,1
751,122.0,2.0,Santan (dengan air),Rendah,0
752,324.0,4.2,Santan (kelapa saja),Sedang,1
753,324.0,4.2,Santan murni,Sedang,1
754,98.0,2.0,Saos Tomat,Rendah,0
755,212.0,18.0,Sapi abon,Sedang,0
756,108.0,17.6,Sapi babat segar,Rendah,0
757,182.0,32.0,Sapi daging asap,Rendah,2
758,301.0,55.0,Sapi daging dendeng mentah,Sedang,2
759,273.0,17.5,Sapi daging gemuk segar,Sedang,1
760,289.0,16.0,Sapi daging kornet,Sedang,1
761,174.0,19.6,Sapi daging kurus segar,Rendah,0
762,201.0,18.8,Sapi daging lemak sedang segar,Sedang,0
763,448.0,14.5,Sapi daging sosis (Worst),Sedang,1
764,183.0,12.0,Sapi daleman segar,Rendah,0
765,98.0,21.9,Sapi dideh/darah,Rendah,0
766,137.0,15.0,Sapi ginjal segar,Rendah,0
767,274.0,16.0,Sapi hati sosis (liverworst),Sedang,1
768,84.0,10.5,Sapi keleponan segar,Rendah,0
769,132.0,19.7,Sapi liver segar,Rendah,0
770,123.0,10.4,Sapi otak segar,Rendah,0
771,360.0,57.3,Sapi paru dendeng mentah,Sedang,2
772,268.0,23.9,Sapi paru goreng,Sedang,2
773,126.0,14.0,Sapi usus segar,Rendah,0
774,281.0,37.5,Sarang Burung,Sedang,2
775,338.0,21.1,Sardines dalam kaleng,Sedang,1
776,344.0,30.0,Sari Kedelai bubuk,Sedang,2
777,166.0,2.3,Sarimuka,Rendah,0
778,283.0,12.1,Sate Bandeng,Sedang,1
779,110.0,15.5,Sate Kulit ,Rendah,0
780,179.0,22.5,Sate penyu masakan,Rendah,0
781,274.0,12.9,Sate pusut masakan,Sedang,1
782,126.7,14.0,Sate Usus ,Rendah,0
783,22.0,2.3,Sawi,Rendah,0
784,9.0,1.0,Sawi putih / pecai segar,Rendah,0
785,30.0,1.9,Sawi taiwan segar,Rendah,0
786,19.0,1.3,Sawi tanah segar,Rendah,0
787,92.0,0.5,Sawo,Rendah,0
788,64.0,1.0,Sawo duren segar,Rendah,0
789,111.0,0.9,Sawo kecik segar,Rendah,0
790,92.0,0.5,Sawo Manila segar,Rendah,0
791,29.0,0.7,Sayur asem,Rendah,0
792,49.0,1.7,Sayur bunga pepaya,Rendah,0
793,178.0,2.6,Sayur garu,Rendah,0
794,133.0,7.3,Sayur kohu-kohu,Rendah,0
795,64.0,2.1,Sayur lebui,Rendah,0
796,36.0,2.7,Sayur lilin-terubuk,Rendah,0
797,49.0,3.1,Sayur ndusuk,Rendah,0
798,27.0,1.3,Sayur sop,Rendah,0
799,67.0,5.2,Sayur umbut kelapa,Rendah,0
800,57.0,5.4,Sayur umbut rotan,Rendah,0
801,15.0,1.2,Selada,Rendah,0
802,17.0,1.7,Selada Air,Rendah,0
803,19.0,2.7,Selada Air rebus,Rendah,0
804,20.0,1.0,Seledri,Rendah,0
805,28.0,0.5,Semangka,Rendah,0
806,192.5,4.5,Semur Jengkol ,Rendah,0
807,64.0,0.6,Sente,Rendah,0
808,353.0,0.7,Sente talas segar,Sedang,1
809,88.0,7.9,Sepi masakan,Rendah,0
810,298.0,8.0,Serbuk Coklat,Sedang,1
811,478.0,2.5,Serimping talas kebumen,Sedang,1
812,213.0,0.0,Setrup sirup,Sedang,0
813,88.0,3.2,Shabu-shabu,Rendah,0
814,474.0,11.2,Sie reuboh masakan,Sedang,1
815,81.0,5.1,Singkah (rotan muda),Rendah,0
816,285.0,1.0,Singkong Goreng ,Sedang,1
817,146.0,1.2,Singkong kukus,Rendah,0
818,173.0,0.5,Singkong tape,Rendah,0
819,95.3,4.4,Siomay ,Rendah,0
820,65.0,1.0,Sirsak,Rendah,0
821,213.0,0.0,Sirup,Sedang,0
822,71.0,7.5,Sop buntut masakan,Rendah,0
823,49.0,5.8,Sop daging sapi masakan,Rendah,0
824,68.0,9.0,Sop kaki sapi masakan,Rendah,0
825,34.0,5.5,Sop kambing masakan,Rendah,0
826,71.0,7.4,Sop konro masakan,Rendah,0
827,12.0,0.5,Sop Kool,Rendah,0
828,15.0,0.6,Sop Kool dan Wortel,Rendah,0
829,89.0,7.2,Sop saudara masakan,Rendah,0
830,42.0,3.9,Soto bandung masakan,Rendah,0
831,110.0,2.9,Soto banjar masakan,Rendah,0
832,135.0,2.5,Soto betawi masakan,Rendah,0
833,127.5,2.6,Soto dengan Daging,Rendah,0
834,92.0,11.8,Soto jeroan masakan,Rendah,0
835,38.0,2.6,Soto kudus masakan,Rendah,0
836,60.0,3.5,Soto madura masakan,Rendah,0
837,127.0,5.9,Soto padang masakan,Rendah,0
838,94.0,3.0,Soto pekalongan masakan,Rendah,0
839,75.0,3.6,Soto pemalang masakan,Rendah,0
840,80.0,3.2,Soto sukaraja masakan,Rendah,0
841,86.0,2.3,Soto sulung masakan,Rendah,0
842,117.1,0.4,Soto tanpa Daging ,Rendah,0
843,139.0,7.4,Spaghetti,Rendah,0
844,101.0,1.7,Srikaya,Rendah,0
845,75.0,5.6,Sukiyaki masakan,Rendah,0
846,119.0,1.4,Sukun muda segar,Rendah,0
847,126.0,1.6,Sukun tua segar,Rendah,0
848,418.0,19.0,Susu asam untuk bayi bubuk,Sedang,1
849,513.0,24.6,Susu bubuk,Tinggi,2
850,64.0,4.3,Susu Kambing,Rendah,0
851,41.0,3.5,Susu Kedelai,Rendah,0
852,336.0,8.2,Susu Kental Manis,Sedang,1
853,138.0,7.0,Susu Kental Tak Manis,Rendah,0
854,160.0,6.3,Susu Kerbau,Rendah,0
855,61.0,3.2,Susu Sapi,Rendah,0
856,36.0,3.5,Susu Skim (tak berlemak),Rendah,0
857,359.0,35.6,Susu skim bubuk,Sedang,2
858,36.0,3.5,Susu skim segar,Rendah,0
859,87.0,5.3,Susupan,Rendah,0
860,90.0,1.5,Suweg kukus,Rendah,0
861,69.0,1.0,Suweg mentah,Rendah,0
862,74.0,1.4,Suweg talas segar,Rendah,0
863,347.0,0.5,Suwir-suwir,Sedang,1
864,68.0,7.8,Tahu,Rendah,0
865,115.0,9.7,Tahu goreng,Rendah,0
866,328.0,12.6,Tahu telur,Sedang,1
867,148.0,13.8,Takwa,Rendah,0
868,120.0,1.5,Talas bogor kukus,Rendah,0
869,163.0,2.3,Talas pontianak segar,Rendah,0
870,115.0,1.8,Talas viqueque segar,Rendah,0
871,120.0,1.5,Tales kukus,Rendah,0
872,98.0,1.9,Tales mentah,Rendah,0
873,166.0,10.4,Taoco,Rendah,0
874,88.0,3.2,Taoge goreng,Rendah,0
875,76.0,9.0,Taoge kacang kedelai segar,Rendah,0
876,28.0,3.0,Taoge seduh,Rendah,0
877,34.0,3.7,Taoge segar,Rendah,0
878,104.0,12.9,Taokoa,Rendah,0
879,99.0,1.7,Tapai beras,Rendah,0
880,166.0,3.8,Tapai ketan hitam,Rendah,0
881,172.0,3.0,Tapai ketan putih,Rendah,0
882,169.0,1.4,Tapai singkong,Rendah,0
883,358.0,7.5,Tauco cap DAS cake,Sedang,1
884,277.0,9.1,Tauji cap singa,Sedang,1
885,25.0,4.6,Tebu Terubuk,Rendah,0
886,83.0,10.4,Tedong pallu basa masakan,Rendah,0
887,132.0,19.5,Teh,Rendah,0
888,300.0,28.3,Teh hijau daun kering,Sedang,2
889,299.0,24.1,Teh melati daun kering,Sedang,2
890,34.0,2.0,Tekokak,Rendah,0
891,294.0,8.3,Tekokak kering,Sedang,1
892,53.0,1.9,Tekwan,Rendah,0
893,162.0,12.8,Telur Ayam,Rendah,0
894,361.0,19.3,Telur Ayam bagian kuning,Sedang,1
895,50.0,10.8,Telur Ayam bagian putih,Rendah,0
896,383.0,15.1,Telur Ayam ceplok,Sedang,1
897,251.0,16.3,Telur Ayam dadar,Sedang,1
898,179.0,13.6,Telur ayam kampung ,Rendah,0
899,386.0,17.0,Telur bebek bagian kuning segar,Sedang,1
900,54.0,11.0,Telur Bebek bagian putih,Rendah,0
901,54.0,11.0,Telur bebek bagian putih segar,Rendah,0
902,320.0,15.1,Telur Bebek ceplok,Sedang,1
903,301.0,20.0,Telur Bebek dadar,Sedang,1
904,187.0,10.9,Telur bebek tambak segar,Rendah,0
905,195.0,13.6,Telur Bebek telur asin,Rendah,0
906,116.0,10.7,Telur burung puyuh segar,Rendah,0
907,144.0,12.0,Telur Penyu,Rendah,0
908,425.0,31.0,Telur Terubuk,Sedang,2
909,119.0,4.4,Tempe bongkrek,Rendah,0
910,73.0,5.7,Tempe Gembus,Rendah,0
911,76.0,6.8,Tempe gembus yogya,Rendah,0
912,328.0,18.4,Tempe Goreng ,Sedang,1
913,139.0,12.5,Tempe kacang babi,Rendah,0
914,212.0,17.5,Tempe kacang belimbing,Sedang,0
915,143.0,12.0,Tempe kedelai + jagung,Rendah,0
916,350.0,24.5,Tempe kedelai murni goreng,Sedang,2
917,201.0,20.8,Tempe kedelai murni mentah,Sedang,0
918,141.0,10.2,Tempe koro benguk,Rendah,0
919,146.0,11.7,Tempe lamtoro var. gung dengan kulit,Rendah,0
920,131.0,18.0,Tempe lamtoro var. gung tanpa kulit,Rendah,0
921,150.0,14.0,Tempe pasar segar,Rendah,0
922,336.0,20.0,Tempe pasar goreng,Sedang,1
923,240.0,6.0,Tempe Sayur ,Sedang,0
924,110.0,1.7,Tempoya,Rendah,0
925,126.0,1.1,Tempuyak,Rendah,0
926,355.0,0.7,Tepung Arrowroot,Sedang,1
927,364.0,7.0,Tepung Beras,Sedang,1
928,353.0,7.0,Tepung beras mentah,Sedang,1
929,353.0,0.8,Tepung Ganyong,Sedang,1
930,363.0,1.1,Tepung Gaplek,Sedang,1
931,355.0,0.7,Tepung Garut (arrowroot),Sedang,1
932,364.0,4.5,Tepung Hunkwee,Sedang,1
933,316.0,60.1,Tepung Ikan,Sedang,2
934,355.0,9.2,Tepung Jagung Kuning,Sedang,1
935,355.0,9.2,Tepung jagung putih,Sedang,1
936,388.0,19.0,Tepung Jalejo,Sedang,1
937,347.0,35.9,Tepung Kacang Kedelai,Sedang,2
938,347.0,0.3,Tepung Kentang,Sedang,1
939,350.0,1.2,Tepung Mocaf,Sedang,1
940,338.0,2.9,Tepung Pisang,Sedang,1
941,353.0,0.7,Tepung Sagu,Sedang,1
942,326.0,4.0,Tepung Sente,Sedang,1
943,363.0,1.1,Tepung singkong/ Tapioka,Sedang,1
944,353.0,2.9,Tepung Sukun,Sedang,1
945,509.0,24.6,Tepung Susu,Tinggi,2
946,418.0,19.0,Tepung Susu Asam untuk bayi,Sedang,1
947,362.0,35.6,Tepung Susu Skim,Sedang,2
948,332.0,5.7,Tepung Tales Beneng,Sedang,1
949,365.0,8.9,Tepung Terigu,Sedang,1
950,354.0,2.8,Tepung Ubi Ungu,Sedang,1
951,155.0,22.3,Terasi,Rendah,0
952,191.0,33.1,Terasi dobo,Rendah,2
953,174.0,30.0,Terasi Merah,Rendah,2
954,174.0,30.0,Terasi merah,Rendah,2
955,365.0,23.7,Teri balado masakan,Sedang,2
956,462.0,39.1,Teripang dendeng mentah,Sedang,2
957,24.0,1.1,Terong,Rendah,0
958,285.0,4.3,Terong + Oncom makanan,Sedang,1
959,39.0,2.3,Terong Asam,Rendah,0
960,48.0,1.5,Terong Belanda,Rendah,0
961,45.0,1.9,Terong hintalo segar,Rendah,0
962,23.0,1.8,Terong kukus,Rendah,0
963,28.0,1.1,Terong segar,Rendah,0
964,52.0,2.1,Terung belanda segar,Rendah,0
965,52.0,1.1,Terung bengkulu segar,Rendah,0
966,25.0,2.1,Terung panjang,Rendah,0
967,23.0,1.8,Terung panjang kukus,Rendah,0
968,59.0,2.9,Tespong daun,Rendah,0
969,120.0,2.4,Tim (nasi tim),Rendah,0
970,33.0,1.2,Tinira ninahu nggaluku,Rendah,0
971,516.0,17.7,Tinoransak masakan,Tinggi,1
972,355.0,6.2,Tipa-tipa,Sedang,1
973,353.0,2.4,Tiwul  ,Sedang,1
974,395.0,3.2,Tiwul Instan,Sedang,1
975,392.0,5.4,Toge -Tahu makanan,Sedang,1
976,93.6,4.4,Toge Goreng ,Rendah,0
977,23.0,2.9,Toge kacang ijo,Rendah,0
978,35.0,5.0,Toge kacang tunggak,Rendah,0
979,67.0,9.0,Toge kedelai,Rendah,0
980,28.0,3.0,Toge seduh,Rendah,0
981,20.0,1.0,Tomat air (juice) segar,Rendah,0
982,20.0,1.0,Tomat Masak,Rendah,0
983,24.0,1.3,Tomat merah segar,Rendah,0
984,24.0,2.0,Tomat muda segar,Rendah,0
985,189.0,11.3,Tumis bandeng,Rendah,0
986,48.0,1.4,Tumis bayam bersantan,Rendah,0
987,186.0,1.9,Ubi Cilembu,Rendah,0
988,160.0,3.7,Ubi Jalar Goreng ,Rendah,0
989,100.0,0.7,Ubi jalar kuning kukus,Rendah,0
990,119.0,0.5,Ubi jalar kuning segar,Rendah,0
991,83.0,1.5,Ubi jalar manis segar,Rendah,0
992,123.0,1.8,Ubi Jalar Merah,Rendah,0
993,151.0,1.6,Ubi jalar merah segar,Rendah,0
994,123.0,1.8,Ubi Jalar Putih,Rendah,0
995,114.0,1.4,Ubi Jalar Rebus,Rendah,0
996,184.0,1.4,Ubi Jalar Sayur,Rendah,0
997,108.0,0.5,Ubi jalar tinta/ kemayung,Rendah,0
998,165.0,0.9,Ubi jalar tinta/ kemayung kukus,Rendah,0
999,82.0,5.8,Uceng/ bunga melinjo segar,Rendah,0
1000,56.0,11.4,Udang besar segar,Rendah,0
1001,81.0,16.5,Udang galah segar,Rendah,0
1002,295.0,62.4,Udang kering,Sedang,2
1003,278.0,62.6,Udang kering mentah,Sedang,2
1004,273.0,47.8,Udang papay mentah,Sedang,2
1005,91.0,21.0,Udang segar,Rendah,0
1006,380.0,11.9,Ulat sagu panggang,Sedang,1
1007,241.0,5.8,Ulat sagu segar,Sedang,0
1008,120.0,2.8,Umbi Uwi segar,Rendah,0
1009,34.0,2.4,Umbut rotan,Rendah,0
1010,130.0,14.0,Usus Sapi,Rendah,0
1011,101.0,2.0,Uwi,Rendah,0
1012,363.0,8.7,Vermicelli,Sedang,1
1013,303.0,6.3,Wajit ,Sedang,1
1014,45.0,0.8,Waluh balamak ,Rendah,0
1015,424.0,1.3,Widaran,Sedang,1
1016,568.0,19.3,Wijen,Tinggi,1
1017,355.0,3.2,Wingko babat,Sedang,1
1018,143.0,3.1,Woku ubi,Rendah,0
1019,452.0,14.5,Sosis daging,Sedang,1
1020,42.0,1.2,Wortel Segar,Rendah,0
1021,37.0,1.0,Wortel kukus,Rendah,0
1022,28.0,0.7,Wortel rebus,Rendah,0
1023,254.0,3.0,Yangko,Sedang,0
1024,52.0,3.3,Yoghurt,Rendah,0
